legacyProductId,legacyCyberbizId,productName,englishName,originalDisplayName,legacyUrls,sourceIds,productType,collection,category,variantType,parentProductId,originalDescription,originalSpecifications,expectedImageCount,detectedImageReferences,downloadedImageCount,astroSlug,currentAstroFile,migrationStatus,reviewStatus,notes
DSP-0001,57337029,三生之約,Trilogy Vow,三生之約｜Trilogy Vow,https://www.dsdiamond.com.tw/products/女戒14,SRC-0077 | SRC-0087 | SRC-0240 | SRC-0250 | SRC-0353 | SRC-0402 | SRC-0431 | SRC-0519 | SRC-0529 | SRC-0621,戒指,ring-female | 經典女戒,女士鑽戒 | 經典女戒,,,,,4,4,4,trilogy-vow,src/content/products/trilogy-vow.json,產品圖片已備份,待 Media Migration Auditor 驗收,舊列表 JSON 未提供完整介紹；需產品詳細頁補齊。
DSP-0002,62864985,三序映華,Trinity Éclat,三序映華｜Trinity Éclat,https://www.dsdiamond.com.tw/products/trinity-eclat-dsdiamond,SRC-0076 | SRC-0086 | SRC-0239 | SRC-0249 | SRC-0352 | SRC-0401 | SRC-0430 | SRC-0518 | SRC-0528 | SRC-0620,戒指,ring-female | 經典女戒,女士鑽戒 | 經典女戒,,,,,4,4,4,trinity-eclat,src/content/products/trinity-eclat.json,產品圖片已備份,待 Media Migration Auditor 驗收,舊列表 JSON 未提供完整介紹；需產品詳細頁補齊。
DSP-0003,57338999,心弦共鳴,Echo of Us,心弦共鳴｜Echo of Us,,SRC-0064 | SRC-0071 | SRC-0506 | SRC-0513,對戒,pair-ring,結婚對戒,,,,,0,0,0,echo-of-us,src/content/products/echo-of-us.json,產品圖片部分備份,待 Media Migration Auditor 驗收,舊列表 JSON 未提供完整介紹；需產品詳細頁補齊。
DSP-0004,57339025,心金不渝,Golden Vow,心金不渝｜Golden Vow,,SRC-0041 | SRC-0051 | SRC-0483 | SRC-0493,項鍊,necklace,項鍊,,,,,0,0,0,golden-vow,src/content/products/golden-vow.json,產品圖片部分備份,待 Media Migration Auditor 驗收,舊列表 JSON 未提供完整介紹；需產品詳細頁補齊。
DSP-0005,57337046,心映愛語,Pink Whisper,心映愛語｜Pink Whisper,,SRC-0103 | SRC-0148 | SRC-0158 | SRC-0182 | SRC-0192 | SRC-0215 | SRC-0225 | SRC-0266 | SRC-0545 | SRC-0590 | SRC-0600,戒指,ring-female | 彩色鑽石專區 | 求婚 | 粉鑽 | 經典女戒,彩色鑽石專區 | 求婚戒指 | 粉鑽,,,,,0,0,0,pink-whisper,src/content/products/pink-whisper.json,產品圖片部分備份,待 Media Migration Auditor 驗收,舊列表 JSON 未提供完整介紹；需產品詳細頁補齊。
DSP-0006,58093836,心悅之吻,Blush Kiss,心悅之吻｜Blush Kiss,,SRC-0039 | SRC-0049 | SRC-0147 | SRC-0157 | SRC-0214 | SRC-0224 | SRC-0481 | SRC-0491,項鍊,necklace | 彩色鑽石專區 | 粉鑽,項鍊 | 彩色鑽石專區 | 粉鑽,,,,,0,0,0,blush-kiss,src/content/products/blush-kiss.json,產品圖片部分備份,待 Media Migration Auditor 驗收,舊列表 JSON 未提供完整介紹；需產品詳細頁補齊。
DSP-0007,57339026,心境如初,Rose Embrace,心境如初｜Rose Embrace,,SRC-0038 | SRC-0048 | SRC-0480 | SRC-0490,項鍊,necklace,項鍊,,,,,0,0,0,rose-embrace,src/content/products/rose-embrace.json,產品圖片部分備份,待 Media Migration Auditor 驗收,舊列表 JSON 未提供完整介紹；需產品詳細頁補齊。
DSP-0008,57339038,心語之戀,Amour de Cœur,心語之戀｜Amour de Cœur,,SRC-0040 | SRC-0050 | SRC-0482 | SRC-0492,項鍊,necklace,項鍊,,,,,0,0,0,amour-de-c-ur,,產品圖片部分備份,待 Media Migration Auditor 驗收,舊列表 JSON 未提供完整介紹；需產品詳細頁補齊。
DSP-0009,57337024,心耀之環,Brilliant Embrace,心耀之環｜Brilliant Embrace,,SRC-0104 | SRC-0183 | SRC-0193 | SRC-0267 | SRC-0546 | SRC-0591 | SRC-0601,戒指,ring-female | 求婚 | 經典女戒,求婚戒指,,,,,0,0,0,brilliant-embrace,,產品圖片部分備份,待 Media Migration Auditor 驗收,舊列表 JSON 未提供完整介紹；需產品詳細頁補齊。
DSP-0010,57337027,心鑽交織,Eternal Entwine,心鑽交織｜Eternal Entwine,,SRC-0105 | SRC-0184 | SRC-0194 | SRC-0268 | SRC-0547 | SRC-0592 | SRC-0602,戒指,ring-female | 求婚 | 經典女戒,求婚戒指,,,,,0,0,0,eternal-entwine,,產品圖片部分備份,待 Media Migration Auditor 驗收,舊列表 JSON 未提供完整介紹；需產品詳細頁補齊。
DSP-0011,58401506,心鑽綻放,Blooming Heart,心鑽綻放｜Blooming Heart,,SRC-0042 | SRC-0052 | SRC-0484 | SRC-0494,項鍊,necklace,項鍊,,,,,0,0,0,blooming-heart,,產品圖片部分備份,待 Media Migration Auditor 驗收,舊列表 JSON 未提供完整介紹；需產品詳細頁補齊。
DSP-0012,62305643,方域之璽,Regal Frame,方域之璽｜Regal Frame,https://www.dsdiamond.com.tw/products/regalframe-dsdiamond,SRC-0118 | SRC-0128 | SRC-0279 | SRC-0289 | SRC-0370 | SRC-0419 | SRC-0448 | SRC-0560 | SRC-0570 | SRC-0638,男戒,ring-man | 經典男戒,男士鑽戒 | 經典男戒,,,,,4,4,4,regal-frame,,產品圖片已備份,待 Media Migration Auditor 驗收,舊列表 JSON 未提供完整介紹；需產品詳細頁補齊。
DSP-0013,57337018,日耀承諾,Solar Vow,日耀承諾｜Solar Vow,,SRC-0108 | SRC-0186 | SRC-0196 | SRC-0271 | SRC-0550 | SRC-0594 | SRC-0604,戒指,ring-female | 求婚 | 經典女戒,求婚戒指,,,,,0,0,0,solar-vow,,產品圖片部分備份,待 Media Migration Auditor 驗收,舊列表 JSON 未提供完整介紹；需產品詳細頁補齊。
DSP-0014,57337034,半壁江山,Destined Dominion,半壁江山｜Destined Dominion,,SRC-0098 | SRC-0261 | SRC-0540,戒指,ring-female | 經典女戒,戒指,,,,,0,0,0,destined-dominion,,產品圖片部分備份,待 Media Migration Auditor 驗收,舊列表 JSON 未提供完整介紹；需產品詳細頁補齊。
DSP-0015,57337016,永恆心語,Eternal Whisper,永恆心語｜Eternal Whisper,,SRC-0206 | SRC-0614,戒指,求婚,戒指,,,,,0,0,0,eternal-whisper,,產品圖片部分備份,待 Media Migration Auditor 驗收,舊列表 JSON 未提供完整介紹；需產品詳細頁補齊。
DSP-0016,57339002,永恆序曲,Timeless Prelude,永恆序曲｜Timeless Prelude,,SRC-0066 | SRC-0073 | SRC-0508 | SRC-0515,對戒,pair-ring,結婚對戒,,,,,0,0,0,timeless-prelude,,產品圖片部分備份,待 Media Migration Auditor 驗收,舊列表 JSON 未提供完整介紹；需產品詳細頁補齊。
DSP-0017,57339004,交心之結,Unity Knot,交心之結｜Unity Knot,,SRC-0062 | SRC-0069 | SRC-0504 | SRC-0511,對戒,pair-ring,結婚對戒,,,,,0,0,0,unity-knot,src/content/products/unity-knot.json,產品圖片部分備份,待 Media Migration Auditor 驗收,舊列表 JSON 未提供完整介紹；需產品詳細頁補齊。
DSP-0018,64735134,交會之光,Union Light,交會之光｜Union Light,https://www.dsdiamond.com.tw/products/union-light-dsdiamond,SRC-0078 | SRC-0088 | SRC-0241 | SRC-0251 | SRC-0354 | SRC-0389 | SRC-0399 | SRC-0403 | SRC-0432 | SRC-0520 | SRC-0530 | SRC-0622,戒指,ring-female | 經典女戒,"女士鑽戒 | 經典女戒 | 女士鑽戒, 經典女戒",,,,,4,4,4,union-light,src/content/products/union-light.json,產品圖片已備份,待 Media Migration Auditor 驗收,舊列表 JSON 未提供完整介紹；需產品詳細頁補齊。
DSP-0019,57337040,交織之約,Entwined Promise,交織之約｜Entwined Promise,https://www.dsdiamond.com.tw/products/女戒24,SRC-0079 | SRC-0089 | SRC-0178 | SRC-0188 | SRC-0242 | SRC-0252 | SRC-0355 | SRC-0404 | SRC-0433 | SRC-0521 | SRC-0531 | SRC-0586 | SRC-0596 | SRC-0623,戒指,ring-female | 求婚 | 經典女戒,女士鑽戒 | 求婚戒指 | 經典女戒,,,,,4,4,4,entwined-promise,src/content/products/entwined-promise.json,產品圖片已備份,待 Media Migration Auditor 驗收,舊列表 JSON 未提供完整介紹；需產品詳細頁補齊。
DSP-0020,57337039,交織之緣,Entwined Destiny,交織之緣｜Entwined Destiny,https://www.dsdiamond.com.tw/products/女戒23,SRC-0080 | SRC-0090 | SRC-0179 | SRC-0189 | SRC-0243 | SRC-0253 | SRC-0356 | SRC-0405 | SRC-0434 | SRC-0522 | SRC-0532 | SRC-0587 | SRC-0597 | SRC-0624,戒指,ring-female | 求婚 | 經典女戒,女士鑽戒 | 求婚戒指 | 經典女戒,,,,,4,4,4,entwined-destiny,src/content/products/entwined-destiny.json,產品圖片已備份,待 Media Migration Auditor 驗收,舊列表 JSON 未提供完整介紹；需產品詳細頁補齊。
DSP-0021,57337037,光芒綻放,Radiant Bloom,光芒綻放｜Radiant Bloom,https://www.dsdiamond.com.tw/products/女戒21,SRC-0082 | SRC-0092 | SRC-0245 | SRC-0255 | SRC-0358 | SRC-0407 | SRC-0436 | SRC-0524 | SRC-0534 | SRC-0626,戒指,ring-female | 經典女戒,女士鑽戒 | 經典女戒,,,,,4,4,4,radiant-bloom,,產品圖片已備份,待 Media Migration Auditor 驗收,舊列表 JSON 未提供完整介紹；需產品詳細頁補齊。
DSP-0022,58401408,光華永恆,Eternal Halo,光華永恆｜Eternal Halo,,SRC-0037 | SRC-0047 | SRC-0479 | SRC-0489,項鍊,necklace,項鍊,,,,,0,0,0,eternal-halo,src/content/products/eternal-halo.json,產品圖片部分備份,待 Media Migration Auditor 驗收,舊列表 JSON 未提供完整介紹；需產品詳細頁補齊。
DSP-0023,58259294,光璨雙影,Luminous Duet,光璨雙影｜Luminous Duet,,SRC-0023 | SRC-0030,耳環,earring,耳環,,,,,0,0,0,luminous-duet,src/content/products/luminous-duet.json,產品圖片部分備份,待 Media Migration Auditor 驗收,舊列表 JSON 未提供完整介紹；需產品詳細頁補齊。
DSP-0024,57337043,光曜之境,Luminous Realm,光曜之境｜Luminous Realm,https://www.dsdiamond.com.tw/products/女戒27,SRC-0081 | SRC-0091 | SRC-0244 | SRC-0254 | SRC-0357 | SRC-0406 | SRC-0435 | SRC-0523 | SRC-0533 | SRC-0625,戒指,ring-female | 經典女戒,女士鑽戒 | 經典女戒,,,,,4,4,4,luminous-realm,,產品圖片已備份,待 Media Migration Auditor 驗收,舊列表 JSON 未提供完整介紹；需產品詳細頁補齊。
DSP-0025,62421341,光韻之矢,Marquise Gleam,光韻之矢｜Marquise Gleam,https://www.dsdiamond.com.tw/products/marquise-gleam-dsdiamond,SRC-0083 | SRC-0093 | SRC-0246 | SRC-0256 | SRC-0359 | SRC-0408 | SRC-0437 | SRC-0525 | SRC-0535 | SRC-0627,戒指,ring-female | 經典女戒,女士鑽戒 | 經典女戒,,,,,4,4,4,marquise-gleam,,產品圖片已備份,待 Media Migration Auditor 驗收,舊列表 JSON 未提供完整介紹；需產品詳細頁補齊。
DSP-0026,57337045,冰心湛藍,Crystal Blue Heart,冰心湛藍｜Crystal Blue Heart,https://www.dsdiamond.com.tw/products/女戒29,SRC-0084 | SRC-0094 | SRC-0180 | SRC-0190 | SRC-0247 | SRC-0257 | SRC-0360 | SRC-0409 | SRC-0438 | SRC-0526 | SRC-0536 | SRC-0588 | SRC-0598 | SRC-0628,戒指,ring-female | 求婚 | 經典女戒,女士鑽戒 | 求婚戒指 | 經典女戒,,,本商品價格以鉑金（PT950）材質、主鑽為 0.3 克拉、D 色 VVS2 3EX 等級為基準，提供天然鑽石與培育鑽石兩種選擇。配鑽之藍鑽以培育鑽石為主。如需其他鑽石等級、材質或客製規格，歡迎洽詢專人服務。,,4,4,4,crystal-blue-heart,src/content/products/crystal-blue-heart.json,產品圖片已備份,待 Media Migration Auditor 驗收,
DSP-0027,64734372,初心之愛,Pure Heart Promise,初心之愛｜Pure Heart Promise,https://www.dsdiamond.com.tw/products/pure-heart-promise-dsdiamond,SRC-0097 | SRC-0212 | SRC-0222 | SRC-0260 | SRC-0363 | SRC-0412 | SRC-0441 | SRC-0539 | SRC-0631,戒指,ring-female | 粉鑽 | 經典女戒,粉鑽,,,,,4,4,4,pure-heart-promise,src/content/products/pure-heart-promise.json,產品圖片已備份,待 Media Migration Auditor 驗收,舊列表 JSON 未提供完整介紹；需產品詳細頁補齊。
DSP-0028,64737697,定心之光,Steady Heartlight,定心之光｜Steady Heartlight,https://www.dsdiamond.com.tw/products/steady-heartlight-dsdiamond,SRC-0110 | SRC-0120 | SRC-0273 | SRC-0283 | SRC-0364 | SRC-0384 | SRC-0394 | SRC-0413 | SRC-0442 | SRC-0552 | SRC-0562 | SRC-0632,男戒,ring-man | 經典男戒,"男士鑽戒 | 經典男戒 | 男士鑽戒, 經典男戒",,,,,4,4,4,steady-heartlight,src/content/products/steady-heartlight.json,產品圖片已備份,待 Media Migration Auditor 驗收,舊列表 JSON 未提供完整介紹；需產品詳細頁補齊。
DSP-0029,64736681,弧界之心,Arc Contour,弧界之心｜Arc Contour,,SRC-0102 | SRC-0265 | SRC-0386 | SRC-0396 | SRC-0544,戒指,ring-female | 經典女戒,"女士鑽戒, 經典女戒",,,,,0,0,0,arc-contour,,產品圖片部分備份,待 Media Migration Auditor 驗收,舊列表 JSON 未提供完整介紹；需產品詳細頁補齊。
DSP-0030,58378143,弧鑽序影,Arc Diamond Sequence,弧鑽序影｜Arc Diamond Sequence,,SRC-0028 | SRC-0035,耳環,earring,耳環,,,,,0,0,0,arc-diamond-sequence,,產品圖片部分備份,待 Media Migration Auditor 驗收,舊列表 JSON 未提供完整介紹；需產品詳細頁補齊。
DSP-0031,64733624,玫光心語,Rosé Heart Whisper,玫光心語｜Rosé Heart Whisper,,SRC-0235,戒指,粉鑽,戒指,,,,,0,0,0,rose-heart-whisper,,產品圖片部分備份,待 Media Migration Auditor 驗收,舊列表 JSON 未提供完整介紹；需產品詳細頁補齊。
DSP-0032,64737354,花序微光,Floral Constellation,花序微光｜Floral Constellation,,SRC-0385 | SRC-0395,待確認,,"女士鑽戒, 經典女戒",,,,,0,0,0,floral-constellation,,產品圖片部分備份,待 Media Migration Auditor 驗收,舊列表 JSON 未提供完整介紹；需產品詳細頁補齊。
DSP-0033,64734657,花冕之心,Crowned Heart Grace,花冕之心｜Crowned Heart Grace,,SRC-0234 | SRC-0390 | SRC-0400,戒指,粉鑽,"女士鑽戒, 經典女戒, 粉鑽",,,,,0,0,0,crowned-heart-grace,,產品圖片部分備份,待 Media Migration Auditor 驗收,舊列表 JSON 未提供完整介紹；需產品詳細頁補齊。
DSP-0034,58378176,金緻花語,Golden Bloom,金緻花語｜Golden Bloom,,SRC-0025 | SRC-0032,耳環,earring,耳環,,,,,0,0,0,golden-bloom,src/content/products/golden-bloom.json,產品圖片部分備份,待 Media Migration Auditor 驗收,舊列表 JSON 未提供完整介紹；需產品詳細頁補齊。
DSP-0035,58811261,金曜凝光,Golden Halo Radiance,金曜凝光｜Golden Halo Radiance,,SRC-0168 | SRC-0208 | SRC-0338 | SRC-0347 | SRC-0616,戒指,彩色鑽石專區 | 求婚 | 黃鑽,黃鑽,,,,,0,0,0,golden-halo-radiance,,產品圖片部分備份,待 Media Migration Auditor 驗收,舊列表 JSON 未提供完整介紹；需產品詳細頁補齊。
DSP-0036,58811271,金耀華章,Golden Sonata,金耀華章｜Golden Sonata,,SRC-0176 | SRC-0341 | SRC-0350,戒指,彩色鑽石專區 | 黃鑽,黃鑽,,,,,0,0,0,golden-sonata,,產品圖片部分備份,待 Media Migration Auditor 驗收,舊列表 JSON 未提供完整介紹；需產品詳細頁補齊。
DSP-0037,58401524,金耀圓華,Circle of Radiance,金耀圓華｜Circle of Radiance,,SRC-0059 | SRC-0501,項鍊,necklace,項鍊,,,,,0,0,0,circle-of-radiance,,產品圖片部分備份,待 Media Migration Auditor 驗收,舊列表 JSON 未提供完整介紹；需產品詳細頁補齊。
DSP-0038,64736389,冠芒相守,Crowned Promise,冠芒相守｜Crowned Promise,,SRC-0099 | SRC-0262 | SRC-0387 | SRC-0397 | SRC-0541,戒指,ring-female | 經典女戒,"女士鑽戒, 經典女戒",,,,,0,0,0,crowned-promise,,產品圖片部分備份,待 Media Migration Auditor 驗收,舊列表 JSON 未提供完整介紹；需產品詳細頁補齊。
DSP-0039,57339001,契合之環,Harmonic Loop,契合之環｜Harmonic Loop,,SRC-0063 | SRC-0070 | SRC-0505 | SRC-0512,對戒,pair-ring,結婚對戒,,,,,0,0,0,harmonic-loop,src/content/products/harmonic-loop.json,產品圖片部分備份,待 Media Migration Auditor 驗收,舊列表 JSON 未提供完整介紹；需產品詳細頁補齊。
DSP-0040,57337041,帝后之鑽,Majestic Regalia,帝后之鑽｜Majestic Regalia,,SRC-0101 | SRC-0264 | SRC-0543,戒指,ring-female | 經典女戒,戒指,,,,,0,0,0,majestic-regalia,,產品圖片部分備份,待 Media Migration Auditor 驗收,舊列表 JSON 未提供完整介紹；需產品詳細頁補齊。
DSP-0041,57338478,帝耀之環,Sovereign Glow,帝耀之環｜Sovereign Glow,https://www.dsdiamond.com.tw/products/男戒10,SRC-0112 | SRC-0122 | SRC-0146 | SRC-0156 | SRC-0275 | SRC-0285 | SRC-0334 | SRC-0343 | SRC-0366 | SRC-0415 | SRC-0444 | SRC-0554 | SRC-0564 | SRC-0634,男戒,ring-man | 彩色鑽石專區 | 經典男戒 | 黃鑽,男士鑽戒 | 彩色鑽石專區 | 經典男戒 | 黃鑽,,,,,4,4,4,sovereign-glow,src/content/products/sovereign-glow.json,產品圖片已備份,待 Media Migration Auditor 驗收,舊列表 JSON 未提供完整介紹；需產品詳細頁補齊。
DSP-0042,57338473,帝鑽之冠,Crown of Majesty,帝鑽之冠｜Crown of Majesty,https://www.dsdiamond.com.tw/products/男戒05,SRC-0113 | SRC-0123 | SRC-0276 | SRC-0286 | SRC-0367 | SRC-0416 | SRC-0445 | SRC-0555 | SRC-0565 | SRC-0635,男戒,ring-man | 經典男戒,男士鑽戒 | 經典男戒,,,,,4,4,4,crown-of-majesty,src/content/products/crown-of-majesty.json,產品圖片已備份,待 Media Migration Auditor 驗收,舊列表 JSON 未提供完整介紹；需產品詳細頁補齊。
DSP-0043,58323357,帝鑽榮耀,Imperial Glory,帝鑽榮耀｜Imperial Glory,https://www.dsdiamond.com.tw/products/男戒15,SRC-0114 | SRC-0124 | SRC-0277 | SRC-0287 | SRC-0368 | SRC-0417 | SRC-0446 | SRC-0556 | SRC-0566 | SRC-0636,男戒,ring-man | 經典男戒,男士鑽戒 | 經典男戒,,,,,4,4,4,imperial-glory,,產品圖片已備份,待 Media Migration Auditor 驗收,舊列表 JSON 未提供完整介紹；需產品詳細頁補齊。
DSP-0044,57338470,恆軸之戒,Axis of Steadfast,恆軸之戒｜Axis of Steadfast,,SRC-0117 | SRC-0127 | SRC-0559 | SRC-0569,男戒,ring-man,男士鑽戒,,,,,0,0,0,axis-of-steadfast,,產品圖片部分備份,待 Media Migration Auditor 驗收,舊列表 JSON 未提供完整介紹；需產品詳細頁補齊。
DSP-0045,57338469,恆穩之光,Eterna Shine,恆穩之光｜Eterna Shine,,SRC-0116 | SRC-0126 | SRC-0558 | SRC-0568,男戒,ring-man,男士鑽戒,,,,,0,0,0,eterna-shine,,產品圖片部分備份,待 Media Migration Auditor 驗收,舊列表 JSON 未提供完整介紹；需產品詳細頁補齊。
DSP-0046,57339319,恆耀之鏈,Eternal Sparkle,恆耀之鏈｜Eternal Sparkle,,SRC-0001 | SRC-0002,手鍊,bracelet,手鍊,,,,,0,0,0,eternal-sparkle,src/content/products/eternal-sparkle.json,產品圖片部分備份,待 Media Migration Auditor 驗收,舊列表 JSON 未提供完整介紹；需產品詳細頁補齊。
DSP-0047,57337028,星芒之約,Stellar Promise,星芒之約｜Stellar Promise,,SRC-0187 | SRC-0197 | SRC-0595 | SRC-0605,戒指,求婚,求婚戒指,,,,,0,0,0,stellar-promise,,產品圖片部分備份,待 Media Migration Auditor 驗收,舊列表 JSON 未提供完整介紹；需產品詳細頁補齊。
DSP-0048,57337017,星語之願,Starlit Promise,星語之願｜Starlit Promise,,SRC-0198 | SRC-0606,戒指,求婚,戒指,,,,,0,0,0,starlit-promise,,產品圖片部分備份,待 Media Migration Auditor 驗收,舊列表 JSON 未提供完整介紹；需產品詳細頁補齊。
DSP-0049,57337021,星語心願,Stellar Promise,星語心願｜Stellar Promise,,SRC-0199 | SRC-0607,戒指,求婚,戒指,,,,,0,0,0,stellar-promise,,產品圖片部分備份,待 Media Migration Auditor 驗收,舊列表 JSON 未提供完整介紹；需產品詳細頁補齊。
DSP-0050,57339027,星語名鍊,Stellar Name,星語名鍊｜Stellar Name,,SRC-0043 | SRC-0053 | SRC-0485 | SRC-0495,項鍊,necklace,項鍊,,,,,0,0,0,stellar-name,,產品圖片部分備份,待 Media Migration Auditor 驗收,舊列表 JSON 未提供完整介紹；需產品詳細頁補齊。
DSP-0051,57337031,星語誓約,Celestial Vow,星語誓約｜Celestial Vow,,SRC-0200 | SRC-0608,戒指,求婚,戒指,,,,,0,0,0,celestial-vow,,產品圖片部分備份,待 Media Migration Auditor 驗收,舊列表 JSON 未提供完整介紹；需產品詳細頁補齊。
DSP-0052,57337033,星影之語,Starlit Promise,星影之語｜Starlit Promise,,SRC-0109 | SRC-0272 | SRC-0551,戒指,ring-female | 經典女戒,戒指,,,,,0,0,0,starlit-promise,,產品圖片部分備份,待 Media Migration Auditor 驗收,舊列表 JSON 未提供完整介紹；需產品詳細頁補齊。
DSP-0053,58378132,星環映粹,Celestial Halo Radiance,星環映粹｜Celestial Halo Radiance,,SRC-0029 | SRC-0036,耳環,earring,耳環,,,,,0,0,0,celestial-halo-radiance,,產品圖片部分備份,待 Media Migration Auditor 驗收,舊列表 JSON 未提供完整介紹；需產品詳細頁補齊。
DSP-0054,57902803,星曜領主,Stellar Dominion,星曜領主｜Stellar Dominion,https://www.dsdiamond.com.tw/products/男戒12-20250726122514,SRC-0119 | SRC-0129 | SRC-0280 | SRC-0290 | SRC-0371 | SRC-0420 | SRC-0449 | SRC-0561 | SRC-0571 | SRC-0639,男戒,ring-man | 經典男戒,男士鑽戒 | 經典男戒,,,,,4,4,4,stellar-dominion,,產品圖片已備份,待 Media Migration Auditor 驗收,舊列表 JSON 未提供完整介紹；需產品詳細頁補齊。
DSP-0055,57339024,星願經典,Brilliant Wish,星願經典｜Brilliant Wish,,SRC-0044 | SRC-0054 | SRC-0486 | SRC-0496,項鍊,necklace,項鍊,,,,,0,0,0,brilliant-wish,,產品圖片部分備份,待 Media Migration Auditor 驗收,舊列表 JSON 未提供完整介紹；需產品詳細頁補齊。
DSP-0056,59068294,星瀾綻放,Celestial Bloom,星瀾綻放｜Celestial Bloom,,SRC-0149 | SRC-0159 | SRC-0301 | SRC-0306,戒指,彩色鑽石專區 | 藍鑽,彩色鑽石專區 | 藍鑽,,,,,0,0,0,celestial-bloom,src/content/products/celestial-bloom.json,產品圖片部分備份,待 Media Migration Auditor 驗收,舊列表 JSON 未提供完整介紹；需產品詳細頁補齊。
DSP-0057,57345211,星耀經典,Stellar Studs,星耀經典｜Stellar Studs,,SRC-0024 | SRC-0031,耳環,earring,耳環,,,,,0,0,0,stellar-studs,src/content/products/stellar-studs.json,產品圖片部分備份,待 Media Migration Auditor 驗收,舊列表 JSON 未提供完整介紹；需產品詳細頁補齊。
DSP-0058,57337032,流光心語,Gleaming Vow,流光心語｜Gleaming Vow,,SRC-0207 | SRC-0615,戒指,求婚,戒指,,,,,0,0,0,gleaming-vow,,產品圖片部分備份,待 Media Migration Auditor 驗收,舊列表 JSON 未提供完整介紹；需產品詳細頁補齊。
DSP-0059,57339000,相契之刻,Bonded Edge,相契之刻｜Bonded Edge,,SRC-0067 | SRC-0074 | SRC-0509 | SRC-0516,對戒,pair-ring,結婚對戒,,,,,0,0,0,bonded-edge,,產品圖片部分備份,待 Media Migration Auditor 驗收,舊列表 JSON 未提供完整介紹；需產品詳細頁補齊。
DSP-0060,57339030,海霧之願,Azure Wish,海霧之願｜Azure Wish,,SRC-0046 | SRC-0056 | SRC-0165 | SRC-0302 | SRC-0307 | SRC-0488 | SRC-0498,項鍊,necklace | 彩色鑽石專區 | 藍鑽,項鍊 | 藍鑽,,,,,0,0,0,azure-wish,src/content/products/azure-wish.json,產品圖片部分備份,待 Media Migration Auditor 驗收,舊列表 JSON 未提供完整介紹；需產品詳細頁補齊。
DSP-0061,57337022,秘語心印,Hidden Whisper,秘語心印｜Hidden Whisper,,SRC-0211 | SRC-0619,戒指,求婚,戒指,,,,,0,0,0,hidden-whisper,,產品圖片部分備份,待 Media Migration Auditor 驗收,舊列表 JSON 未提供完整介紹；需產品詳細頁補齊。
DSP-0062,57339028,粉芒之淚,Blush Teardrop,粉芒之淚｜Blush Teardrop,,SRC-0058 | SRC-0171 | SRC-0220 | SRC-0230 | SRC-0500,項鍊,necklace | 彩色鑽石專區 | 粉鑽,粉鑽,,,,,0,0,0,blush-teardrop,,產品圖片部分備份,待 Media Migration Auditor 驗收,舊列表 JSON 未提供完整介紹；需產品詳細頁補齊。
DSP-0063,57337048,粉愛花冠,Pink Crown of Love,粉愛花冠｜Pink Crown of Love,,SRC-0170 | SRC-0219 | SRC-0229,戒指,彩色鑽石專區 | 粉鑽,粉鑽,,,,,0,0,0,pink-crown-of-love,,產品圖片部分備份,待 Media Migration Auditor 驗收,舊列表 JSON 未提供完整介紹；需產品詳細頁補齊。
DSP-0064,57338474,御璽之環,Regal Seal,御璽之環｜Regal Seal,https://www.dsdiamond.com.tw/products/男戒06,SRC-0115 | SRC-0125 | SRC-0278 | SRC-0288 | SRC-0369 | SRC-0418 | SRC-0447 | SRC-0557 | SRC-0567 | SRC-0637,男戒,ring-man | 經典男戒,男士鑽戒 | 經典男戒,,,,,4,4,4,regal-seal,,產品圖片已備份,待 Media Migration Auditor 驗收,舊列表 JSON 未提供完整介紹；需產品詳細頁補齊。
DSP-0065,58323363,晨曜方華,Aurora Cushion Gleam,晨曜方華 Aurora Cushion Gleam,,SRC-0151 | SRC-0161 | SRC-0335 | SRC-0344,戒指,彩色鑽石專區 | 黃鑽,彩色鑽石專區 | 黃鑽,,,,,0,0,0,aurora-cushion-gleam,src/content/products/aurora-cushion-gleam.json,產品圖片部分備份,待 Media Migration Auditor 驗收,舊列表 JSON 未提供完整介紹；需產品詳細頁補齊。
DSP-0066,58811279,晨曦之光,Morning Glow,晨曦之光｜Morning Glow,,SRC-0150 | SRC-0160 | SRC-0201 | SRC-0340 | SRC-0349 | SRC-0609,戒指,彩色鑽石專區 | 求婚 | 黃鑽,彩色鑽石專區 | 黃鑽,,,,,0,0,0,morning-glow,,產品圖片部分備份,待 Media Migration Auditor 驗收,舊列表 JSON 未提供完整介紹；需產品詳細頁補齊。
DSP-0067,58378153,晨曦之舞,Akatsuki Dance,晨曦之舞｜Akatsuki Dance,,SRC-0026 | SRC-0033,耳環,earring,耳環,,,,,0,0,0,akatsuki-dance,src/content/products/akatsuki-dance.json,產品圖片部分備份,待 Media Migration Auditor 驗收,舊列表 JSON 未提供完整介紹；需產品詳細頁補齊。
DSP-0068,57337025,晨曦心語,Whisper of Dawn,晨曦心語｜Whisper of Dawn,,SRC-0202 | SRC-0610,戒指,求婚,戒指,,,,,0,0,0,whisper-of-dawn,,產品圖片部分備份,待 Media Migration Auditor 驗收,舊列表 JSON 未提供完整介紹；需產品詳細頁補齊。
DSP-0069,57339029,晨曦蜜語,Rosé Whisper,晨曦蜜語｜Rosé Whisper,,SRC-0045 | SRC-0055 | SRC-0152 | SRC-0162 | SRC-0217 | SRC-0227 | SRC-0487 | SRC-0497,項鍊,necklace | 彩色鑽石專區 | 粉鑽,項鍊 | 彩色鑽石專區 | 粉鑽,,,,,0,0,0,rose-whisper,,產品圖片部分備份,待 Media Migration Auditor 驗收,舊列表 JSON 未提供完整介紹；需產品詳細頁補齊。
DSP-0070,57339039,雫月之心,Lune Drop,雫月之心｜Lune Drop,,SRC-0061 | SRC-0503,項鍊,necklace,項鍊,,,,,0,0,0,lune-drop,,產品圖片部分備份,待 Media Migration Auditor 驗收,舊列表 JSON 未提供完整介紹；需產品詳細頁補齊。
DSP-0071,57597640,尊耀之印,Sovereign Seal,尊耀之印｜Sovereign Seal,https://www.dsdiamond.com.tw/products/男戒12-20250721114449,SRC-0111 | SRC-0121 | SRC-0274 | SRC-0284 | SRC-0365 | SRC-0414 | SRC-0443 | SRC-0553 | SRC-0563 | SRC-0633,男戒,ring-man | 經典男戒,男士鑽戒 | 經典男戒,,,,,4,4,4,sovereign-seal,src/content/products/sovereign-seal.json,產品圖片已備份,待 Media Migration Auditor 驗收,舊列表 JSON 未提供完整介紹；需產品詳細頁補齊。
DSP-0072,57337051,湛藍晨曦,Azure Aurora,湛藍晨曦｜Azure Aurora,,SRC-0167 | SRC-0303 | SRC-0308,戒指,彩色鑽石專區 | 藍鑽,藍鑽,,,,,0,0,0,azure-aurora,src/content/products/azure-aurora.json,產品圖片部分備份,待 Media Migration Auditor 驗收,舊列表 JSON 未提供完整介紹；需產品詳細頁補齊。
DSP-0073,58401518,絢麗花語,Blooming Grace,絢麗花語｜Blooming Grace,,SRC-0060 | SRC-0502,項鍊,necklace,項鍊,,,,,0,0,0,blooming-grace,,產品圖片部分備份,待 Media Migration Auditor 驗收,舊列表 JSON 未提供完整介紹；需產品詳細頁補齊。
DSP-0074,62712685,黃K金轉運戒 ( 三排 ),,黃K金轉運戒 ( 三排 ),,SRC-0142 | SRC-0310 | SRC-0316 | SRC-0322 | SRC-0328 | SRC-0584,男戒,ring-man | 轉運女戒 | 轉運男戒,轉運女戒 | 轉運男戒,材質/排數變體,,,,0,0,0,黃k金轉運戒-三排,,產品圖片部分備份,待 Media Migration Auditor 驗收,舊列表 JSON 未提供完整介紹；需產品詳細頁補齊。
DSP-0075,62712669,黃K金轉運戒 ( 雙排 ),,黃K金轉運戒 ( 雙排 ),,SRC-0143 | SRC-0314 | SRC-0320 | SRC-0326 | SRC-0332 | SRC-0585,男戒,ring-man | 轉運女戒 | 轉運男戒,轉運女戒 | 轉運男戒,材質/排數變體,,,,0,0,0,黃k金轉運戒-雙排,,產品圖片部分備份,待 Media Migration Auditor 驗收,舊列表 JSON 未提供完整介紹；需產品詳細頁補齊。
DSP-0076,62421363,黃K金轉運戒(單排),,黃K金轉運戒(單排),,SRC-0315 | SRC-0321 | SRC-0327 | SRC-0333,男戒,轉運女戒 | 轉運男戒,轉運女戒 | 轉運男戒,材質/排數變體,,,,0,0,0,黃k金轉運戒-單排,,產品圖片部分備份,待 Media Migration Auditor 驗收,舊列表 JSON 未提供完整介紹；需產品詳細頁補齊。
DSP-0077,58811243,暖曜心語,Amber Promise Glow,暖曜心語｜Amber Promise Glow,,SRC-0153 | SRC-0163 | SRC-0204 | SRC-0336 | SRC-0345 | SRC-0612,戒指,彩色鑽石專區 | 求婚 | 黃鑽,彩色鑽石專區 | 黃鑽,,,,,0,0,0,amber-promise-glow,src/content/products/amber-promise-glow.json,產品圖片部分備份,待 Media Migration Auditor 驗收,舊列表 JSON 未提供完整介紹；需產品詳細頁補齊。
DSP-0078,57345212,極光之環,Aurora Hoops,極光之環｜Aurora Hoops,,SRC-0027 | SRC-0034,耳環,earring,耳環,,,,,0,0,0,aurora-hoops,,產品圖片部分備份,待 Media Migration Auditor 驗收,舊列表 JSON 未提供完整介紹；需產品詳細頁補齊。
DSP-0079,58093837,極光軌跡,Aurora Path,極光軌跡｜Aurora Path,https://www.dsdiamond.com.tw/products/男戒13,SRC-0131 | SRC-0282 | SRC-0292 | SRC-0373 | SRC-0422 | SRC-0451 | SRC-0573 | SRC-0641,男戒,ring-man | 經典男戒,經典男戒,,,本商品價格以18K白K金材質、配鑽可選擇天然鑽石或培育鑽石。此款式依戒圍大小進行報價，戒圍越大所需金屬量與配鑽數量亦相對增加，價格將有所調整，歡迎洽詢專人服務。,,4,4,4,aurora-path,,產品圖片已備份,待 Media Migration Auditor 驗收,
DSP-0080,57337019,極簡星芒,Minimal Radiance,極簡星芒｜Minimal Radiance,,SRC-0205 | SRC-0613,戒指,求婚,戒指,,,,,0,0,0,minimal-radiance,,產品圖片部分備份,待 Media Migration Auditor 驗收,舊列表 JSON 未提供完整介紹；需產品詳細頁補齊。
DSP-0081,57338472,稜境之耀,Edge of Radiance,稜境之耀｜Edge of Radiance,,SRC-0135 | SRC-0296 | SRC-0577,男戒,ring-man | 經典男戒,男戒,,,,,0,0,0,edge-of-radiance,,產品圖片部分備份,待 Media Migration Auditor 驗收,舊列表 JSON 未提供完整介紹；需產品詳細頁補齊。
DSP-0082,57338475,鉑金轉運戒 ( 三排 ),,鉑金轉運戒 ( 三排 ),,SRC-0136 | SRC-0311 | SRC-0317 | SRC-0323 | SRC-0329 | SRC-0578,男戒,ring-man | 轉運女戒 | 轉運男戒,轉運女戒 | 轉運男戒,材質/排數變體,,,,0,0,0,鉑金轉運戒-三排,,產品圖片部分備份,待 Media Migration Auditor 驗收,舊列表 JSON 未提供完整介紹；需產品詳細頁補齊。
DSP-0083,62710381,鉑金轉運戒 ( 單排 ),,鉑金轉運戒 ( 單排 ),,SRC-0137 | SRC-0313 | SRC-0319 | SRC-0325 | SRC-0331 | SRC-0579,男戒,ring-man | 轉運女戒 | 轉運男戒,轉運女戒 | 轉運男戒,材質/排數變體,,,,0,0,0,鉑金轉運戒-單排,,產品圖片部分備份,待 Media Migration Auditor 驗收,舊列表 JSON 未提供完整介紹；需產品詳細頁補齊。
DSP-0084,57338476,鉑金轉運戒 ( 雙排 ),,鉑金轉運戒 ( 雙排 ),,SRC-0138 | SRC-0312 | SRC-0318 | SRC-0324 | SRC-0330 | SRC-0580,男戒,ring-man | 轉運女戒 | 轉運男戒,轉運女戒 | 轉運男戒,材質/排數變體,,,,0,0,0,鉑金轉運戒-雙排,,產品圖片部分備份,待 Media Migration Auditor 驗收,舊列表 JSON 未提供完整介紹；需產品詳細頁補齊。
DSP-0085,57337049,夢境花綻,Blossom Reverie,夢境花綻｜Blossom Reverie,,SRC-0100 | SRC-0145 | SRC-0155 | SRC-0213 | SRC-0223 | SRC-0263 | SRC-0542,戒指,ring-female | 彩色鑽石專區 | 粉鑽 | 經典女戒,彩色鑽石專區 | 粉鑽,,,,,0,0,0,blossom-reverie,src/content/products/blossom-reverie.json,產品圖片部分備份,待 Media Migration Auditor 驗收,舊列表 JSON 未提供完整介紹；需產品詳細頁補齊。
DSP-0086,67111534,緋曜格序,Rosé Architectural Halo,緋曜格序｜Rosé Architectural Halo,,SRC-0221 | SRC-0231 | SRC-0381 | SRC-0391,戒指,粉鑽,"粉鑽 | 女士鑽戒, 求婚戒指, 經典女戒, 粉鑽",,,,,0,0,0,rose-architectural-halo,,產品圖片部分備份,待 Media Migration Auditor 驗收,舊列表 JSON 未提供完整介紹；需產品詳細頁補齊。
DSP-0087,59069346,緋露晨光,Rosé Dew Radiance,緋露晨光｜Rosé Dew Radiance,,SRC-0172 | SRC-0232,戒指,彩色鑽石專區 | 粉鑽,戒指,,,,,0,0,0,rose-dew-radiance,,產品圖片部分備份,待 Media Migration Auditor 驗收,舊列表 JSON 未提供完整介紹；需產品詳細頁補齊。
DSP-0088,57338477,銀耀之冠,Crown of Argent Radiance,銀耀之冠 Crown of Argent Radiance,,SRC-0139 | SRC-0177 | SRC-0297 | SRC-0342 | SRC-0351 | SRC-0581,男戒,ring-man | 彩色鑽石專區 | 經典男戒 | 黃鑽,黃鑽,,,,,0,0,0,crown-of-argent-radiance,,產品圖片部分備份,待 Media Migration Auditor 驗收,舊列表 JSON 未提供完整介紹；需產品詳細頁補齊。
DSP-0089,57337026,璀璨星語,Sparkling Whisper,璀璨星語｜Sparkling Whisper,,SRC-0210 | SRC-0618,戒指,求婚,戒指,,,,,0,0,0,sparkling-whisper,,產品圖片部分備份,待 Media Migration Auditor 驗收,舊列表 JSON 未提供完整介紹；需產品詳細頁補齊。
DSP-0090,59069317,蝶映粉光,Blush Butterfly Radiance,蝶映粉光｜Blush Butterfly Radiance,,SRC-0175 | SRC-0236,戒指,彩色鑽石專區 | 粉鑽,戒指,,,,,0,0,0,blush-butterfly-radiance,,產品圖片部分備份,待 Media Migration Auditor 驗收,舊列表 JSON 未提供完整介紹；需產品詳細頁補齊。
DSP-0091,57338480,鋒耀之冠,Dominion Crest,鋒耀之冠｜Dominion Crest,,SRC-0140 | SRC-0298 | SRC-0582,男戒,ring-man | 經典男戒,男戒,,,,,0,0,0,dominion-crest,,產品圖片部分備份,待 Media Migration Auditor 驗收,舊列表 JSON 未提供完整介紹；需產品詳細頁補齊。
DSP-0092,57337052,凝光心羽,Ethereal Heart Petals,凝光心羽｜Ethereal Heart Petals,,SRC-0166 | SRC-0218 | SRC-0228,戒指,彩色鑽石專區 | 粉鑽,粉鑽,,,,,0,0,0,ethereal-heart-petals,,產品圖片部分備份,待 Media Migration Auditor 驗收,舊列表 JSON 未提供完整介紹；需產品詳細頁補齊。
DSP-0093,57337020,凝光序曲,Luminous Prelude,凝光序曲｜Luminous Prelude,https://www.dsdiamond.com.tw/products/女戒05,SRC-0096 | SRC-0181 | SRC-0191 | SRC-0259 | SRC-0362 | SRC-0411 | SRC-0440 | SRC-0538 | SRC-0589 | SRC-0599 | SRC-0630,戒指,ring-female | 求婚 | 經典女戒,求婚戒指,,,,,4,4,4,luminous-prelude,src/content/products/luminous-prelude.json,產品圖片已備份,待 Media Migration Auditor 驗收,舊列表 JSON 未提供完整介紹；需產品詳細頁補齊。
DSP-0094,66996587,靜線之約,Silent Line,靜線之約｜Silent Line,,SRC-0068 | SRC-0075 | SRC-0382 | SRC-0392 | SRC-0510 | SRC-0517,對戒,pair-ring,結婚對戒,,,,,0,0,0,silent-line,,產品圖片部分備份,待 Media Migration Auditor 驗收,舊列表 JSON 未提供完整介紹；需產品詳細頁補齊。
DSP-0095,64733345,靜謐之心,Silent Pink Heart,靜謐之心｜Silent Pink Heart,,SRC-0238,戒指,粉鑽,戒指,,,,,0,0,0,silent-pink-heart,,產品圖片部分備份,待 Media Migration Auditor 驗收,舊列表 JSON 未提供完整介紹；需產品詳細頁補齊。
DSP-0096,61547518,曖曖之心,Tender Glow,曖曖之心｜Tender Glow,,SRC-0203 | SRC-0611,戒指,求婚,戒指,,,,,0,0,0,tender-glow,,產品圖片部分備份,待 Media Migration Auditor 驗收,舊列表 JSON 未提供完整介紹；需產品詳細頁補齊。
DSP-0097,58401379,璨淚光華,Tear of Brilliance,璨淚光華｜Tear of Brilliance,,SRC-0057 | SRC-0499,項鍊,necklace,項鍊,,,,,0,0,0,tear-of-brilliance,,產品圖片部分備份,待 Media Migration Auditor 驗收,舊列表 JSON 未提供完整介紹；需產品詳細頁補齊。
DSP-0098,57339003,曜映之環,Radiant Bond,曜映之環｜Radiant Bond,,SRC-0065 | SRC-0072 | SRC-0507 | SRC-0514,對戒,pair-ring,結婚對戒,,,,,0,0,0,radiant-bond,src/content/products/radiant-bond.json,產品圖片部分備份,待 Media Migration Auditor 驗收,舊列表 JSON 未提供完整介紹；需產品詳細頁補齊。
DSP-0099,63611662,曜域方璨,Monolith Brilliance,曜域方璨｜Monolith Brilliance,https://www.dsdiamond.com.tw/products/monolith-brilliance-dsdiamond,SRC-0130 | SRC-0281 | SRC-0291 | SRC-0372 | SRC-0421 | SRC-0450 | SRC-0572 | SRC-0640,男戒,ring-man | 經典男戒,經典男戒,,,,,4,4,4,monolith-brilliance,,產品圖片已備份,待 Media Migration Auditor 驗收,舊列表 JSON 未提供完整介紹；需產品詳細頁補齊。
DSP-0100,58811257,曜域光序,Radiant Domain Halo,曜域光序｜Radiant Domain Halo,,SRC-0169 | SRC-0209 | SRC-0339 | SRC-0348 | SRC-0617,戒指,彩色鑽石專區 | 求婚 | 黃鑽,黃鑽,,,,,0,0,0,radiant-domain-halo,,產品圖片部分備份,待 Media Migration Auditor 驗收,舊列表 JSON 未提供完整介紹；需產品詳細頁補齊。
DSP-0101,59069391,織夢華語,Woven Dream,織夢華語｜ Woven Dream,,SRC-0173 | SRC-0233,戒指,彩色鑽石專區 | 粉鑽,戒指,,,,,0,0,0,woven-dream,,產品圖片部分備份,待 Media Migration Auditor 驗收,舊列表 JSON 未提供完整介紹；需產品詳細頁補齊。
DSP-0102,58323371,藍曜花冕,Azure Bloom Halo,藍曜花冕｜Azure Bloom Halo,https://www.dsdiamond.com.tw/products/azure-bloom-halo-colored-diamond,SRC-0085 | SRC-0095 | SRC-0144 | SRC-0154 | SRC-0248 | SRC-0258 | SRC-0300 | SRC-0305 | SRC-0361 | SRC-0410 | SRC-0439 | SRC-0527 | SRC-0537 | SRC-0629,戒指,ring-female | 彩色鑽石專區 | 經典女戒 | 藍鑽,女士鑽戒 | 彩色鑽石專區 | 經典女戒 | 藍鑽,,,,,4,4,4,azure-bloom-halo,src/content/products/azure-bloom-halo.json,產品圖片已備份,待 Media Migration Auditor 驗收,舊列表 JSON 未提供完整介紹；需產品詳細頁補齊。
DSP-0103,57337047,藍戀花冠,Blue Crown of Love,藍戀花冠｜Blue Crown of Love,,SRC-0174 | SRC-0304 | SRC-0309,戒指,彩色鑽石專區 | 藍鑽,藍鑽,,,,,0,0,0,blue-crown-of-love,,產品圖片部分備份,待 Media Migration Auditor 驗收,舊列表 JSON 未提供完整介紹；需產品詳細頁補齊。
DSP-0104,58811303,鎏光華紋,Regal Radiance,鎏光華紋｜Regal Radiance,,SRC-0141 | SRC-0299 | SRC-0583,男戒,ring-man | 經典男戒,男戒,,,,,0,0,0,regal-radiance,,產品圖片部分備份,待 Media Migration Auditor 驗收,舊列表 JSON 未提供完整介紹；需產品詳細頁補齊。
DSP-0105,64733998,雙心守護,Double Heart Embrace,雙心守護｜Double Heart Embrace,,SRC-0237,戒指,粉鑽,戒指,,,,,0,0,0,double-heart-embrace,,產品圖片部分備份,待 Media Migration Auditor 驗收,舊列表 JSON 未提供完整介紹；需產品詳細頁補齊。
DSP-0106,64735696,離心誓約,Fine Jewelry Ring,離心誓約｜Fine Jewelry Ring,,SRC-0388 | SRC-0398,待確認,,"女士鑽戒, 經典女戒",,,,,0,0,0,fine-jewelry-ring,,產品圖片部分備份,待 Media Migration Auditor 驗收,舊列表 JSON 未提供完整介紹；需產品詳細頁補齊。
DSP-0107,58093838,權杖紋章,Scepter Crest,權杖紋章｜Scepter Crest,https://www.dsdiamond.com.tw/products/男戒14,SRC-0133 | SRC-0294 | SRC-0375 | SRC-0424 | SRC-0453 | SRC-0575 | SRC-0643,男戒,ring-man | 經典男戒,男戒,材質/排數變體,,,,4,4,4,scepter-crest,,產品圖片已備份,待 Media Migration Auditor 驗收,舊列表 JSON 未提供完整介紹；需產品詳細頁補齊。
DSP-0108,57338471,權境之環,Sovereign Realm,權境之環｜Sovereign Realm,https://www.dsdiamond.com.tw/products/男戒03,SRC-0132 | SRC-0293 | SRC-0374 | SRC-0423 | SRC-0452 | SRC-0574 | SRC-0642,男戒,ring-man | 經典男戒,男戒,,,,,4,4,4,sovereign-realm,,產品圖片已備份,待 Media Migration Auditor 驗收,舊列表 JSON 未提供完整介紹；需產品詳細頁補齊。
DSP-0109,57338479,權耀之環,Dominion Halo,權耀之環｜Dominion Halo,,SRC-0134 | SRC-0164 | SRC-0295 | SRC-0337 | SRC-0346 | SRC-0576,男戒,ring-man | 彩色鑽石專區 | 經典男戒 | 黃鑽,黃鑽,,,,,0,0,0,dominion-halo,src/content/products/dominion-halo.json,產品圖片部分備份,待 Media Migration Auditor 驗收,舊列表 JSON 未提供完整介紹；需產品詳細頁補齊。
DSP-0110,66872044,戀光之心,Blush Halo Promise,戀光之心｜Blush Halo Promise,,SRC-0106 | SRC-0216 | SRC-0226 | SRC-0269 | SRC-0383 | SRC-0393 | SRC-0548,戒指,ring-female | 粉鑽 | 經典女戒,"粉鑽 | 女士鑽戒, 經典女戒, 粉鑽",,,,,0,0,0,blush-halo-promise,,產品圖片部分備份,待 Media Migration Auditor 驗收,舊列表 JSON 未提供完整介紹；需產品詳細頁補齊。
DSP-0111,57337023,戀戀星語,Starlit Murmurs,戀戀星語｜Starlit Murmurs,,SRC-0107 | SRC-0185 | SRC-0195 | SRC-0270 | SRC-0549 | SRC-0593 | SRC-0603,戒指,ring-female | 求婚 | 經典女戒,求婚戒指,,,,,0,0,0,starlit-murmurs,,產品圖片部分備份,待 Media Migration Auditor 驗收,舊列表 JSON 未提供完整介紹；需產品詳細頁補齊。
